iso3_o,iso3_d,comlang_off,comcol,contig
AGO,BDI,0,0,0
AGO,BEN,0,0,0
AGO,BFA,0,0,0
AGO,BWA,0,0,0
AGO,CAF,0,0,0
AGO,CIV,0,0,0
AGO,CMR,0,0,0
AGO,COD,0,0,1
AGO,COG,0,0,1
AGO,DZA,0,0,0
AGO,EGY,0,0,0
AGO,ERI,0,0,0
AGO,ETH,0,0,0
AGO,GAB,0,0,0
AGO,GHA,0,0,0
AGO,GIN,0,0,0
AGO,GMB,0,0,0
AGO,GNB,1,1,0
AGO,KEN,0,0,0
AGO,LBR,0,0,0
AGO,LBY,0,0,0
AGO,LSO,0,0,0
AGO,MAR,0,0,0
AGO,MDG,0,0,0
AGO,MLI,0,0,0
AGO,MOZ,1,1,0
AGO,MRT,0,0,0
AGO,MWI,0,0,0
AGO,NAM,0,0,1
AGO,NER,0,0,0
AGO,NGA,0,0,0
AGO,RWA,0,0,0
AGO,SDN,0,0,0
AGO,SEN,0,0,0
AGO,SLE,0,0,0
AGO,SOM,0,0,0
AGO,SWZ,0,0,0
AGO,TCD,0,0,0
AGO,TGO,0,0,0
AGO,TUN,0,0,0
AGO,TZA,0,0,0
AGO,UGA,0,0,0
AGO,ZAF,0,0,0
AGO,ZMB,0,0,1
AGO,ZWE,0,0,0
BDI,AGO,0,0,0
BDI,BEN,1,0,0
BDI,BFA,1,0,0
BDI,BWA,0,0,0
BDI,CAF,1,0,0
BDI,CIV,1,0,0
BDI,CMR,1,0,0
BDI,COD,1,1,1
BDI,COG,1,0,0
BDI,DZA,1,0,0
BDI,EGY,0,0,0
BDI,ERI,0,0,0
BDI,ETH,0,0,0
BDI,GAB,1,0,0
BDI,GHA,0,0,0
BDI,GIN,1,0,0
BDI,GMB,0,0,0
BDI,GNB,0,0,0
BDI,KEN,0,0,0
BDI,LBR,0,0,0
BDI,LBY,0,0,0
BDI,LSO,0,0,0
BDI,MAR,1,0,0
BDI,MDG,1,0,0
BDI,MLI,1,0,0
BDI,MOZ,0,0,0
BDI,MRT,0,0,0
BDI,MWI,0,0,0
BDI,NAM,0,0,0
BDI,NER,1,0,0
BDI,NGA,0,0,0
BDI,RWA,1,1,1
BDI,SDN,0,0,0
BDI,SEN,1,0,0
BDI,SLE,0,0,0
BDI,SOM,0,0,0
BDI,SWZ,0,0,0
BDI,TCD,1,0,0
BDI,TGO,1,0,0
BDI,TUN,1,0,0
BDI,TZA,0,0,1
BDI,UGA,0,0,0
BDI,ZAF,0,0,0
BDI,ZMB,0,0,0
BDI,ZWE,0,0,0
BEN,AGO,0,0,0
BEN,BDI,1,0,0
BEN,BFA,1,1,1
BEN,BWA,0,0,0
BEN,CAF,1,1,0
BEN,CIV,1,1,0
BEN,CMR,1,1,0
BEN,COD,1,0,0
BEN,COG,1,1,0
BEN,DZA,1,1,0
BEN,EGY,0,0,0
BEN,ERI,0,0,0
BEN,ETH,0,0,0
BEN,GAB,1,1,0
BEN,GHA,0,0,0
BEN,GIN,1,1,0
BEN,GMB,0,0,0
BEN,GNB,0,0,0
BEN,KEN,0,0,0
BEN,LBR,0,0,0
BEN,LBY,0,0,0
BEN,LSO,0,0,0
BEN,MAR,1,1,0
BEN,MDG,1,1,0
BEN,MLI,1,1,0
BEN,MOZ,0,0,0
BEN,MRT,0,1,0
BEN,MWI,0,0,0
BEN,NAM,0,0,0
BEN,NER,1,1,1
BEN,NGA,0,0,1
BEN,RWA,1,0,0
BEN,SDN,0,0,0
BEN,SEN,1,1,0
BEN,SLE,0,0,0
BEN,SOM,0,0,0
BEN,SWZ,0,0,0
BEN,TCD,1,1,0
BEN,TGO,1,1,1
BEN,TUN,1,1,0
BEN,TZA,0,0,0
BEN,UGA,0,0,0
BEN,ZAF,0,0,0
BEN,ZMB,0,0,0
BEN,ZWE,0,0,0
BFA,AGO,0,0,0
BFA,BDI,1,0,0
BFA,BEN,1,1,1
BFA,BWA,0,0,0
BFA,CAF,1,1,0
BFA,CIV,1,1,1
BFA,CMR,1,1,0
BFA,COD,1,0,0
BFA,COG,1,1,0
BFA,DZA,1,1,0
BFA,EGY,0,0,0
BFA,ERI,0,0,0
BFA,ETH,0,0,0
BFA,GAB,1,1,0
BFA,GHA,0,0,1
BFA,GIN,1,1,0
BFA,GMB,0,0,0
BFA,GNB,0,0,0
BFA,KEN,0,0,0
BFA,LBR,0,0,0
BFA,LBY,0,0,0
BFA,LSO,0,0,0
BFA,MAR,1,1,0
BFA,MDG,1,1,0
BFA,MLI,1,1,1
BFA,MOZ,0,0,0
BFA,MRT,0,1,0
BFA,MWI,0,0,0
BFA,NAM,0,0,0
BFA,NER,1,1,1
BFA,NGA,0,0,0
BFA,RWA,1,0,0
BFA,SDN,0,0,0
BFA,SEN,1,1,0
BFA,SLE,0,0,0
BFA,SOM,0,0,0
BFA,SWZ,0,0,0
BFA,TCD,1,1,0
BFA,TGO,1,1,1
BFA,TUN,1,1,0
BFA,TZA,0,0,0
BFA,UGA,0,0,0
BFA,ZAF,0,0,0
BFA,ZMB,0,0,0
BFA,ZWE,0,0,0
BWA,AGO,0,0,0
BWA,BDI,0,0,0
BWA,BEN,0,0,0
BWA,BFA,0,0,0
BWA,CAF,0,0,0
BWA,CIV,0,0,0
BWA,CMR,1,0,0
BWA,COD,0,0,0
BWA,COG,0,0,0
BWA,DZA,0,0,0
BWA,EGY,0,0,0
BWA,ERI,1,1,0
BWA,ETH,1,0,0
BWA,GAB,0,0,0
BWA,GHA,1,1,0
BWA,GIN,0,0,0
BWA,GMB,1,1,0
BWA,GNB,0,0,0
BWA,KEN,1,1,0
BWA,LBR,1,0,0
BWA,LBY,0,0,0
BWA,LSO,1,1,0
BWA,MAR,0,0,0
BWA,MDG,0,0,0
BWA,MLI,0,0,0
BWA,MOZ,0,0,0
BWA,MRT,0,0,0
BWA,MWI,1,1,0
BWA,NAM,1,0,1
BWA,NER,0,0,0
BWA,NGA,1,1,0
BWA,RWA,1,0,0
BWA,SDN,0,1,0
BWA,SEN,0,0,0
BWA,SLE,1,1,0
BWA,SOM,1,1,0
BWA,SWZ,1,1,0
BWA,TCD,0,0,0
BWA,TGO,0,0,0
BWA,TUN,0,0,0
BWA,TZA,1,1,0
BWA,UGA,1,1,0
BWA,ZAF,1,0,1
BWA,ZMB,1,1,1
BWA,ZWE,1,1,1
CAF,AGO,0,0,0
CAF,BDI,1,0,0
CAF,BEN,1,1,0
CAF,BFA,1,1,0
CAF,BWA,0,0,0
CAF,CIV,1,1,0
CAF,CMR,1,1,1
CAF,COD,1,0,1
CAF,COG,1,1,1
CAF,DZA,1,1,0
CAF,EGY,0,0,0
CAF,ERI,0,0,0
CAF,ETH,0,0,0
CAF,GAB,1,1,0
CAF,GHA,0,0,0
CAF,GIN,1,1,0
CAF,GMB,0,0,0
CAF,GNB,0,0,0
CAF,KEN,0,0,0
CAF,LBR,0,0,0
CAF,LBY,0,0,0
CAF,LSO,0,0,0
CAF,MAR,1,1,0
CAF,MDG,1,1,0
CAF,MLI,1,1,0
CAF,MOZ,0,0,0
CAF,MRT,0,1,0
CAF,MWI,0,0,0
CAF,NAM,0,0,0
CAF,NER,1,1,0
CAF,NGA,0,0,0
CAF,RWA,1,0,0
CAF,SDN,0,0,1
CAF,SEN,1,1,0
CAF,SLE,0,0,0
CAF,SOM,0,0,0
CAF,SWZ,0,0,0
CAF,TCD,1,1,1
CAF,TGO,1,1,0
CAF,TUN,1,1,0
CAF,TZA,0,0,0
CAF,UGA,0,0,0
CAF,ZAF,0,0,0
CAF,ZMB,0,0,0
CAF,ZWE,0,0,0
CIV,AGO,0,0,0
CIV,BDI,1,0,0
CIV,BEN,1,1,0
CIV,BFA,1,1,1
CIV,BWA,0,0,0
CIV,CAF,1,1,0
CIV,CMR,1,1,0
CIV,COD,1,0,0
CIV,COG,1,1,0
CIV,DZA,1,1,0
CIV,EGY,0,0,0
CIV,ERI,0,0,0
CIV,ETH,0,0,0
CIV,GAB,1,1,0
CIV,GHA,0,0,1
CIV,GIN,1,1,1
CIV,GMB,0,0,0
CIV,GNB,0,0,0
CIV,KEN,0,0,0
CIV,LBR,0,0,1
CIV,LBY,0,0,0
CIV,LSO,0,0,0
CIV,MAR,1,1,0
CIV,MDG,1,1,0
CIV,MLI,1,1,1
CIV,MOZ,0,0,0
CIV,MRT,0,1,0
CIV,MWI,0,0,0
CIV,NAM,0,0,0
CIV,NER,1,1,0
CIV,NGA,0,0,0
CIV,RWA,1,0,0
CIV,SDN,0,0,0
CIV,SEN,1,1,0
CIV,SLE,0,0,0
CIV,SOM,0,0,0
CIV,SWZ,0,0,0
CIV,TCD,1,1,0
CIV,TGO,1,1,0
CIV,TUN,1,1,0
CIV,TZA,0,0,0
CIV,UGA,0,0,0
CIV,ZAF,0,0,0
CIV,ZMB,0,0,0
CIV,ZWE,0,0,0
CMR,AGO,0,0,0
CMR,BDI,1,0,0
CMR,BEN,1,1,0
CMR,BFA,1,1,0
CMR,BWA,1,0,0
CMR,CAF,1,1,1
CMR,CIV,1,1,0
CMR,COD,1,0,0
CMR,COG,1,1,1
CMR,DZA,1,1,0
CMR,EGY,0,0,0
CMR,ERI,1,0,0
CMR,ETH,1,0,0
CMR,GAB,1,1,1
CMR,GHA,1,0,0
CMR,GIN,1,1,0
CMR,GMB,1,0,0
CMR,GNB,0,0,0
CMR,KEN,1,0,0
CMR,LBR,1,0,0
CMR,LBY,0,0,0
CMR,LSO,1,0,0
CMR,MAR,1,1,0
CMR,MDG,1,1,0
CMR,MLI,1,1,0
CMR,MOZ,0,0,0
CMR,MRT,0,1,0
CMR,MWI,1,0,0
CMR,NAM,1,0,0
CMR,NER,1,1,0
CMR,NGA,1,0,1
CMR,RWA,1,0,0
CMR,SDN,0,0,0
CMR,SEN,1,1,0
CMR,SLE,1,0,0
CMR,SOM,1,0,0
CMR,SWZ,1,0,0
CMR,TCD,1,1,1
CMR,TGO,1,1,0
CMR,TUN,1,1,0
CMR,TZA,1,0,0
CMR,UGA,1,0,0
CMR,ZAF,1,0,0
CMR,ZMB,1,0,0
CMR,ZWE,1,0,0
COD,AGO,0,0,1
COD,BDI,1,1,1
COD,BEN,1,0,0
COD,BFA,1,0,0
COD,BWA,0,0,0
COD,CAF,1,0,1
COD,CIV,1,0,0
COD,CMR,1,0,0
COD,COG,1,0,1
COD,DZA,1,0,0
COD,EGY,0,0,0
COD,ERI,0,0,0
COD,ETH,0,0,0
COD,GAB,1,0,0
COD,GHA,0,0,0
COD,GIN,1,0,0
COD,GMB,0,0,0
COD,GNB,0,0,0
COD,KEN,0,0,0
COD,LBR,0,0,0
COD,LBY,0,0,0
COD,LSO,0,0,0
COD,MAR,1,0,0
COD,MDG,1,0,0
COD,MLI,1,0,0
COD,MOZ,0,0,0
COD,MRT,0,0,0
COD,MWI,0,0,0
COD,NAM,0,0,0
COD,NER,1,0,0
COD,NGA,0,0,0
COD,RWA,1,1,1
COD,SDN,0,0,1
COD,SEN,1,0,0
COD,SLE,0,0,0
COD,SOM,0,0,0
COD,SWZ,0,0,0
COD,TCD,1,0,0
COD,TGO,1,0,0
COD,TUN,1,0,0
COD,TZA,0,0,1
COD,UGA,0,0,1
COD,ZAF,0,0,0
COD,ZMB,0,0,1
COD,ZWE,0,0,0
COG,AGO,0,0,1
COG,BDI,1,0,0
COG,BEN,1,1,0
COG,BFA,1,1,0
COG,BWA,0,0,0
COG,CAF,1,1,1
COG,CIV,1,1,0
COG,CMR,1,1,1
COG,COD,1,0,1
COG,DZA,1,1,0
COG,EGY,0,0,0
COG,ERI,0,0,0
COG,ETH,0,0,0
COG,GAB,1,1,1
COG,GHA,0,0,0
COG,GIN,1,1,0
COG,GMB,0,0,0
COG,GNB,0,0,0
COG,KEN,0,0,0
COG,LBR,0,0,0
COG,LBY,0,0,0
COG,LSO,0,0,0
COG,MAR,1,1,0
COG,MDG,1,1,0
COG,MLI,1,1,0
COG,MOZ,0,0,0
COG,MRT,0,1,0
COG,MWI,0,0,0
COG,NAM,0,0,0
COG,NER,1,1,0
COG,NGA,0,0,0
COG,RWA,1,0,0
COG,SDN,0,0,0
COG,SEN,1,1,0
COG,SLE,0,0,0
COG,SOM,0,0,0
COG,SWZ,0,0,0
COG,TCD,1,1,0
COG,TGO,1,1,0
COG,TUN,1,1,0
COG,TZA,0,0,0
COG,UGA,0,0,0
COG,ZAF,0,0,0
COG,ZMB,0,0,0
COG,ZWE,0,0,0
DZA,AGO,0,0,0
DZA,BDI,1,0,0
DZA,BEN,1,1,0
DZA,BFA,1,1,0
DZA,BWA,0,0,0
DZA,CAF,1,1,0
DZA,CIV,1,1,0
DZA,CMR,1,1,0
DZA,COD,1,0,0
DZA,COG,1,1,0
DZA,EGY,1,0,0
DZA,ERI,0,0,0
DZA,ETH,0,0,0
DZA,GAB,1,1,0
DZA,GHA,0,0,0
DZA,GIN,1,1,0
DZA,GMB,0,0,0
DZA,GNB,0,0,0
DZA,KEN,0,0,0
DZA,LBR,0,0,0
DZA,LBY,1,0,1
DZA,LSO,0,0,0
DZA,MAR,1,1,1
DZA,MDG,1,1,0
DZA,MLI,1,1,1
DZA,MOZ,0,0,0
DZA,MRT,1,1,1
DZA,MWI,0,0,0
DZA,NAM,0,0,0
DZA,NER,1,1,1
DZA,NGA,0,0,0
DZA,RWA,1,0,0
DZA,SDN,1,0,0
DZA,SEN,1,1,0
DZA,SLE,0,0,0
DZA,SOM,1,0,0
DZA,SWZ,0,0,0
DZA,TCD,1,1,0
DZA,TGO,1,1,0
DZA,TUN,1,1,1
DZA,TZA,0,0,0
DZA,UGA,0,0,0
DZA,ZAF,0,0,0
DZA,ZMB,0,0,0
DZA,ZWE,0,0,0
EGY,AGO,0,0,0
EGY,BDI,0,0,0
EGY,BEN,0,0,0
EGY,BFA,0,0,0
EGY,BWA,0,0,0
EGY,CAF,0,0,0
EGY,CIV,0,0,0
EGY,CMR,0,0,0
EGY,COD,0,0,0
EGY,COG,0,0,0
EGY,DZA,1,0,0
EGY,ERI,0,0,0
EGY,ETH,0,0,0
EGY,GAB,0,0,0
EGY,GHA,0,0,0
EGY,GIN,0,0,0
EGY,GMB,0,0,0
EGY,GNB,0,0,0
EGY,KEN,0,0,0
EGY,LBR,0,0,0
EGY,LBY,1,0,1
EGY,LSO,0,0,0
EGY,MAR,1,0,0
EGY,MDG,0,0,0
EGY,MLI,0,0,0
EGY,MOZ,0,0,0
EGY,MRT,1,0,0
EGY,MWI,0,0,0
EGY,NAM,0,0,0
EGY,NER,1,0,0
EGY,NGA,0,0,0
EGY,RWA,0,0,0
EGY,SDN,1,0,1
EGY,SEN,0,0,0
EGY,SLE,0,0,0
EGY,SOM,1,0,0
EGY,SWZ,0,0,0
EGY,TCD,1,0,0
EGY,TGO,0,0,0
EGY,TUN,1,0,0
EGY,TZA,0,0,0
EGY,UGA,0,0,0
EGY,ZAF,0,0,0
EGY,ZMB,0,0,0
EGY,ZWE,0,0,0
ERI,AGO,0,0,0
ERI,BDI,0,0,0
ERI,BEN,0,0,0
ERI,BFA,0,0,0
ERI,BWA,1,1,0
ERI,CAF,0,0,0
ERI,CIV,0,0,0
ERI,CMR,1,0,0
ERI,COD,0,0,0
ERI,COG,0,0,0
ERI,DZA,0,0,0
ERI,EGY,0,0,0
ERI,ETH,1,0,1
ERI,GAB,0,0,0
ERI,GHA,1,1,0
ERI,GIN,0,0,0
ERI,GMB,1,1,0
ERI,GNB,0,0,0
ERI,KEN,1,1,0
ERI,LBR,1,0,0
ERI,LBY,0,0,0
ERI,LSO,1,1,0
ERI,MAR,0,0,0
ERI,MDG,0,0,0
ERI,MLI,0,0,0
ERI,MOZ,0,0,0
ERI,MRT,0,0,0
ERI,MWI,1,1,0
ERI,NAM,1,0,0
ERI,NER,0,0,0
ERI,NGA,1,1,0
ERI,RWA,1,0,0
ERI,SDN,0,1,1
ERI,SEN,0,0,0
ERI,SLE,1,1,0
ERI,SOM,1,1,0
ERI,SWZ,1,1,0
ERI,TCD,0,0,0
ERI,TGO,0,0,0
ERI,TUN,0,0,0
ERI,TZA,1,1,0
ERI,UGA,1,1,0
ERI,ZAF,1,0,0
ERI,ZMB,1,1,0
ERI,ZWE,1,1,0
ETH,AGO,0,0,0
ETH,BDI,0,0,0
ETH,BEN,0,0,0
ETH,BFA,0,0,0
ETH,BWA,1,0,0
ETH,CAF,0,0,0
ETH,CIV,0,0,0
ETH,CMR,1,0,0
ETH,COD,0,0,0
ETH,COG,0,0,0
ETH,DZA,0,0,0
ETH,EGY,0,0,0
ETH,ERI,1,0,1
ETH,GAB,0,0,0
ETH,GHA,1,0,0
ETH,GIN,0,0,0
ETH,GMB,1,0,0
ETH,GNB,0,0,0
ETH,KEN,1,0,1
ETH,LBR,1,0,0
ETH,LBY,0,0,0
ETH,LSO,1,0,0
ETH,MAR,0,0,0
ETH,MDG,0,0,0
ETH,MLI,0,0,0
ETH,MOZ,0,0,0
ETH,MRT,0,0,0
ETH,MWI,1,0,0
ETH,NAM,1,0,0
ETH,NER,0,0,0
ETH,NGA,1,0,0
ETH,RWA,1,0,0
ETH,SDN,0,0,1
ETH,SEN,0,0,0
ETH,SLE,1,0,0
ETH,SOM,1,0,1
ETH,SWZ,1,0,0
ETH,TCD,0,0,0
ETH,TGO,0,0,0
ETH,TUN,0,0,0
ETH,TZA,1,0,0
ETH,UGA,1,0,0
ETH,ZAF,1,0,0
ETH,ZMB,1,0,0
ETH,ZWE,1,0,0
GAB,AGO,0,0,0
GAB,BDI,1,0,0
GAB,BEN,1,1,0
GAB,BFA,1,1,0
GAB,BWA,0,0,0
GAB,CAF,1,1,0
GAB,CIV,1,1,0
GAB,CMR,1,1,1
GAB,COD,1,0,0
GAB,COG,1,1,1
GAB,DZA,1,1,0
GAB,EGY,0,0,0
GAB,ERI,0,0,0
GAB,ETH,0,0,0
GAB,GHA,0,0,0
GAB,GIN,1,1,0
GAB,GMB,0,0,0
GAB,GNB,0,0,0
GAB,KEN,0,0,0
GAB,LBR,0,0,0
GAB,LBY,0,0,0
GAB,LSO,0,0,0
GAB,MAR,1,1,0
GAB,MDG,1,1,0
GAB,MLI,1,1,0
GAB,MOZ,0,0,0
GAB,MRT,0,1,0
GAB,MWI,0,0,0
GAB,NAM,0,0,0
GAB,NER,1,1,0
GAB,NGA,0,0,0
GAB,RWA,1,0,0
GAB,SDN,0,0,0
GAB,SEN,1,1,0
GAB,SLE,0,0,0
GAB,SOM,0,0,0
GAB,SWZ,0,0,0
GAB,TCD,1,1,0
GAB,TGO,1,1,0
GAB,TUN,1,1,0
GAB,TZA,0,0,0
GAB,UGA,0,0,0
GAB,ZAF,0,0,0
GAB,ZMB,0,0,0
GAB,ZWE,0,0,0
GHA,AGO,0,0,0
GHA,BDI,0,0,0
GHA,BEN,0,0,0
GHA,BFA,0,0,1
GHA,BWA,1,1,0
GHA,CAF,0,0,0
GHA,CIV,0,0,1
GHA,CMR,1,0,0
GHA,COD,0,0,0
GHA,COG,0,0,0
GHA,DZA,0,0,0
GHA,EGY,0,0,0
GHA,ERI,1,1,0
GHA,ETH,1,0,0
GHA,GAB,0,0,0
GHA,GIN,0,0,0
GHA,GMB,1,1,0
GHA,GNB,0,0,0
GHA,KEN,1,1,0
GHA,LBR,1,0,0
GHA,LBY,0,0,0
GHA,LSO,1,1,0
GHA,MAR,0,0,0
GHA,MDG,0,0,0
GHA,MLI,0,0,0
GHA,MOZ,0,0,0
GHA,MRT,0,0,0
GHA,MWI,1,1,0
GHA,NAM,1,0,0
GHA,NER,0,0,0
GHA,NGA,1,1,0
GHA,RWA,1,0,0
GHA,SDN,0,1,0
GHA,SEN,0,0,0
GHA,SLE,1,1,0
GHA,SOM,1,1,0
GHA,SWZ,1,1,0
GHA,TCD,0,0,0
GHA,TGO,0,0,1
GHA,TUN,0,0,0
GHA,TZA,1,1,0
GHA,UGA,1,1,0
GHA,ZAF,1,0,0
GHA,ZMB,1,1,0
GHA,ZWE,1,1,0
GIN,AGO,0,0,0
GIN,BDI,1,0,0
GIN,BEN,1,1,0
GIN,BFA,1,1,0
GIN,BWA,0,0,0
GIN,CAF,1,1,0
GIN,CIV,1,1,1
GIN,CMR,1,1,0
GIN,COD,1,0,0
GIN,COG,1,1,0
GIN,DZA,1,1,0
GIN,EGY,0,0,0
GIN,ERI,0,0,0
GIN,ETH,0,0,0
GIN,GAB,1,1,0
GIN,GHA,0,0,0
GIN,GMB,0,0,0
GIN,GNB,0,0,1
GIN,KEN,0,0,0
GIN,LBR,0,0,1
GIN,LBY,0,0,0
GIN,LSO,0,0,0
GIN,MAR,1,1,0
GIN,MDG,1,1,0
GIN,MLI,1,1,1
GIN,MOZ,0,0,0
GIN,MRT,0,1,0
GIN,MWI,0,0,0
GIN,NAM,0,0,0
GIN,NER,1,1,0
GIN,NGA,0,0,0
GIN,RWA,1,0,0
GIN,SDN,0,0,0
GIN,SEN,1,1,1
GIN,SLE,0,0,1
GIN,SOM,0,0,0
GIN,SWZ,0,0,0
GIN,TCD,1,1,0
GIN,TGO,1,1,0
GIN,TUN,1,1,0
GIN,TZA,0,0,0
GIN,UGA,0,0,0
GIN,ZAF,0,0,0
GIN,ZMB,0,0,0
GIN,ZWE,0,0,0
GMB,AGO,0,0,0
GMB,BDI,0,0,0
GMB,BEN,0,0,0
GMB,BFA,0,0,0
GMB,BWA,1,1,0
GMB,CAF,0,0,0
GMB,CIV,0,0,0
GMB,CMR,1,0,0
GMB,COD,0,0,0
GMB,COG,0,0,0
GMB,DZA,0,0,0
GMB,EGY,0,0,0
GMB,ERI,1,1,0
GMB,ETH,1,0,0
GMB,GAB,0,0,0
GMB,GHA,1,1,0
GMB,GIN,0,0,0
GMB,GNB,0,0,0
GMB,KEN,1,1,0
GMB,LBR,1,0,0
GMB,LBY,0,0,0
GMB,LSO,1,1,0
GMB,MAR,0,0,0
GMB,MDG,0,0,0
GMB,MLI,0,0,0
GMB,MOZ,0,0,0
GMB,MRT,0,0,0
GMB,MWI,1,1,0
GMB,NAM,1,0,0
GMB,NER,0,0,0
GMB,NGA,1,1,0
GMB,RWA,1,0,0
GMB,SDN,0,1,0
GMB,SEN,0,0,1
GMB,SLE,1,1,0
GMB,SOM,1,1,0
GMB,SWZ,1,1,0
GMB,TCD,0,0,0
GMB,TGO,0,0,0
GMB,TUN,0,0,0
GMB,TZA,1,1,0
GMB,UGA,1,1,0
GMB,ZAF,1,0,0
GMB,ZMB,1,1,0
GMB,ZWE,1,1,0
GNB,AGO,1,1,0
GNB,BDI,0,0,0
GNB,BEN,0,0,0
GNB,BFA,0,0,0
GNB,BWA,0,0,0
GNB,CAF,0,0,0
GNB,CIV,0,0,0
GNB,CMR,0,0,0
GNB,COD,0,0,0
GNB,COG,0,0,0
GNB,DZA,0,0,0
GNB,EGY,0,0,0
GNB,ERI,0,0,0
GNB,ETH,0,0,0
GNB,GAB,0,0,0
GNB,GHA,0,0,0
GNB,GIN,0,0,1
GNB,GMB,0,0,0
GNB,KEN,0,0,0
GNB,LBR,0,0,0
GNB,LBY,0,0,0
GNB,LSO,0,0,0
GNB,MAR,0,0,0
GNB,MDG,0,0,0
GNB,MLI,0,0,0
GNB,MOZ,1,1,0
GNB,MRT,0,0,0
GNB,MWI,0,0,0
GNB,NAM,0,0,0
GNB,NER,0,0,0
GNB,NGA,0,0,0
GNB,RWA,0,0,0
GNB,SDN,0,0,0
GNB,SEN,0,0,1
GNB,SLE,0,0,0
GNB,SOM,0,0,0
GNB,SWZ,0,0,0
GNB,TCD,0,0,0
GNB,TGO,0,0,0
GNB,TUN,0,0,0
GNB,TZA,0,0,0
GNB,UGA,0,0,0
GNB,ZAF,0,0,0
GNB,ZMB,0,0,0
GNB,ZWE,0,0,0
KEN,AGO,0,0,0
KEN,BDI,0,0,0
KEN,BEN,0,0,0
KEN,BFA,0,0,0
KEN,BWA,1,1,0
KEN,CAF,0,0,0
KEN,CIV,0,0,0
KEN,CMR,1,0,0
KEN,COD,0,0,0
KEN,COG,0,0,0
KEN,DZA,0,0,0
KEN,EGY,0,0,0
KEN,ERI,1,1,0
KEN,ETH,1,0,1
KEN,GAB,0,0,0
KEN,GHA,1,1,0
KEN,GIN,0,0,0
KEN,GMB,1,1,0
KEN,GNB,0,0,0
KEN,LBR,1,0,0
KEN,LBY,0,0,0
KEN,LSO,1,1,0
KEN,MAR,0,0,0
KEN,MDG,0,0,0
KEN,MLI,0,0,0
KEN,MOZ,0,0,0
KEN,MRT,0,0,0
KEN,MWI,1,1,0
KEN,NAM,1,0,0
KEN,NER,0,0,0
KEN,NGA,1,1,0
KEN,RWA,1,0,0
KEN,SDN,0,1,1
KEN,SEN,0,0,0
KEN,SLE,1,1,0
KEN,SOM,1,1,1
KEN,SWZ,1,1,0
KEN,TCD,0,0,0
KEN,TGO,0,0,0
KEN,TUN,0,0,0
KEN,TZA,1,1,1
KEN,UGA,1,1,1
KEN,ZAF,1,0,0
KEN,ZMB,1,1,0
KEN,ZWE,1,1,0
LBR,AGO,0,0,0
LBR,BDI,0,0,0
LBR,BEN,0,0,0
LBR,BFA,0,0,0
LBR,BWA,1,0,0
LBR,CAF,0,0,0
LBR,CIV,0,0,1
LBR,CMR,1,0,0
LBR,COD,0,0,0
LBR,COG,0,0,0
LBR,DZA,0,0,0
LBR,EGY,0,0,0
LBR,ERI,1,0,0
LBR,ETH,1,0,0
LBR,GAB,0,0,0
LBR,GHA,1,0,0
LBR,GIN,0,0,1
LBR,GMB,1,0,0
LBR,GNB,0,0,0
LBR,KEN,1,0,0
LBR,LBY,0,0,0
LBR,LSO,1,0,0
LBR,MAR,0,0,0
LBR,MDG,0,0,0
LBR,MLI,0,0,0
LBR,MOZ,0,0,0
LBR,MRT,0,0,0
LBR,MWI,1,0,0
LBR,NAM,1,0,0
LBR,NER,0,0,0
LBR,NGA,1,0,0
LBR,RWA,1,0,0
LBR,SDN,0,0,0
LBR,SEN,0,0,0
LBR,SLE,1,0,1
LBR,SOM,1,0,0
LBR,SWZ,1,0,0
LBR,TCD,0,0,0
LBR,TGO,0,0,0
LBR,TUN,0,0,0
LBR,TZA,1,0,0
LBR,UGA,1,0,0
LBR,ZAF,1,0,0
LBR,ZMB,1,0,0
LBR,ZWE,1,0,0
LBY,AGO,0,0,0
LBY,BDI,0,0,0
LBY,BEN,0,0,0
LBY,BFA,0,0,0
LBY,BWA,0,0,0
LBY,CAF,0,0,0
LBY,CIV,0,0,0
LBY,CMR,0,0,0
LBY,COD,0,0,0
LBY,COG,0,0,0
LBY,DZA,1,0,1
LBY,EGY,1,0,1
LBY,ERI,0,0,0
LBY,ETH,0,0,0
LBY,GAB,0,0,0
LBY,GHA,0,0,0
LBY,GIN,0,0,0
LBY,GMB,0,0,0
LBY,GNB,0,0,0
LBY,KEN,0,0,0
LBY,LBR,0,0,0
LBY,LSO,0,0,0
LBY,MAR,1,0,0
LBY,MDG,0,0,0
LBY,MLI,0,0,0
LBY,MOZ,0,0,0
LBY,MRT,1,0,0
LBY,MWI,0,0,0
LBY,NAM,0,0,0
LBY,NER,1,0,1
LBY,NGA,0,0,0
LBY,RWA,0,0,0
LBY,SDN,1,0,1
LBY,SEN,0,0,0
LBY,SLE,0,0,0
LBY,SOM,1,0,0
LBY,SWZ,0,0,0
LBY,TCD,1,0,1
LBY,TGO,0,0,0
LBY,TUN,1,0,1
LBY,TZA,0,0,0
LBY,UGA,0,0,0
LBY,ZAF,0,0,0
LBY,ZMB,0,0,0
LBY,ZWE,0,0,0
LSO,AGO,0,0,0
LSO,BDI,0,0,0
LSO,BEN,0,0,0
LSO,BFA,0,0,0
LSO,BWA,1,1,0
LSO,CAF,0,0,0
LSO,CIV,0,0,0
LSO,CMR,1,0,0
LSO,COD,0,0,0
LSO,COG,0,0,0
LSO,DZA,0,0,0
LSO,EGY,0,0,0
LSO,ERI,1,1,0
LSO,ETH,1,0,0
LSO,GAB,0,0,0
LSO,GHA,1,1,0
LSO,GIN,0,0,0
LSO,GMB,1,1,0
LSO,GNB,0,0,0
LSO,KEN,1,1,0
LSO,LBR,1,0,0
LSO,LBY,0,0,0
LSO,MAR,0,0,0
LSO,MDG,0,0,0
LSO,MLI,0,0,0
LSO,MOZ,0,0,0
LSO,MRT,0,0,0
LSO,MWI,1,1,0
LSO,NAM,1,0,0
LSO,NER,0,0,0
LSO,NGA,1,1,0
LSO,RWA,1,0,0
LSO,SDN,0,1,0
LSO,SEN,0,0,0
LSO,SLE,1,1,0
LSO,SOM,1,1,0
LSO,SWZ,1,1,0
LSO,TCD,0,0,0
LSO,TGO,0,0,0
LSO,TUN,0,0,0
LSO,TZA,1,1,0
LSO,UGA,1,1,0
LSO,ZAF,1,0,1
LSO,ZMB,1,1,0
LSO,ZWE,1,1,0
MAR,AGO,0,0,0
MAR,BDI,1,0,0
MAR,BEN,1,1,0
MAR,BFA,1,1,0
MAR,BWA,0,0,0
MAR,CAF,1,1,0
MAR,CIV,1,1,0
MAR,CMR,1,1,0
MAR,COD,1,0,0
MAR,COG,1,1,0
MAR,DZA,1,1,1
MAR,EGY,1,0,0
MAR,ERI,0,0,0
MAR,ETH,0,0,0
MAR,GAB,1,1,0
MAR,GHA,0,0,0
MAR,GIN,1,1,0
MAR,GMB,0,0,0
MAR,GNB,0,0,0
MAR,KEN,0,0,0
MAR,LBR,0,0,0
MAR,LBY,1,0,0
MAR,LSO,0,0,0
MAR,MDG,1,1,0
MAR,MLI,1,1,0
MAR,MOZ,0,0,0
MAR,MRT,1,1,1
MAR,MWI,0,0,0
MAR,NAM,0,0,0
MAR,NER,1,1,0
MAR,NGA,0,0,0
MAR,RWA,1,0,0
MAR,SDN,1,0,0
MAR,SEN,1,1,0
MAR,SLE,0,0,0
MAR,SOM,1,0,0
MAR,SWZ,0,0,0
MAR,TCD,1,1,0
MAR,TGO,1,1,0
MAR,TUN,1,1,0
MAR,TZA,0,0,0
MAR,UGA,0,0,0
MAR,ZAF,0,0,0
MAR,ZMB,0,0,0
MAR,ZWE,0,0,0
MDG,AGO,0,0,0
MDG,BDI,1,0,0
MDG,BEN,1,1,0
MDG,BFA,1,1,0
MDG,BWA,0,0,0
MDG,CAF,1,1,0
MDG,CIV,1,1,0
MDG,CMR,1,1,0
MDG,COD,1,0,0
MDG,COG,1,1,0
MDG,DZA,1,1,0
MDG,EGY,0,0,0
MDG,ERI,0,0,0
MDG,ETH,0,0,0
MDG,GAB,1,1,0
MDG,GHA,0,0,0
MDG,GIN,1,1,0
MDG,GMB,0,0,0
MDG,GNB,0,0,0
MDG,KEN,0,0,0
MDG,LBR,0,0,0
MDG,LBY,0,0,0
MDG,LSO,0,0,0
MDG,MAR,1,1,0
MDG,MLI,1,1,0
MDG,MOZ,0,0,0
MDG,MRT,0,1,0
MDG,MWI,0,0,0
MDG,NAM,0,0,0
MDG,NER,1,1,0
MDG,NGA,0,0,0
MDG,RWA,1,0,0
MDG,SDN,0,0,0
MDG,SEN,1,1,0
MDG,SLE,0,0,0
MDG,SOM,0,0,0
MDG,SWZ,0,0,0
MDG,TCD,1,1,0
MDG,TGO,1,1,0
MDG,TUN,1,1,0
MDG,TZA,0,0,0
MDG,UGA,0,0,0
MDG,ZAF,0,0,0
MDG,ZMB,0,0,0
MDG,ZWE,0,0,0
MLI,AGO,0,0,0
MLI,BDI,1,0,0
MLI,BEN,1,1,0
MLI,BFA,1,1,1
MLI,BWA,0,0,0
MLI,CAF,1,1,0
MLI,CIV,1,1,1
MLI,CMR,1,1,0
MLI,COD,1,0,0
MLI,COG,1,1,0
MLI,DZA,1,1,1
MLI,EGY,0,0,0
MLI,ERI,0,0,0
MLI,ETH,0,0,0
MLI,GAB,1,1,0
MLI,GHA,0,0,0
MLI,GIN,1,1,1
MLI,GMB,0,0,0
MLI,GNB,0,0,0
MLI,KEN,0,0,0
MLI,LBR,0,0,0
MLI,LBY,0,0,0
MLI,LSO,0,0,0
MLI,MAR,1,1,0
MLI,MDG,1,1,0
MLI,MOZ,0,0,0
MLI,MRT,0,1,1
MLI,MWI,0,0,0
MLI,NAM,0,0,0
MLI,NER,1,1,1
MLI,NGA,0,0,0
MLI,RWA,1,0,0
MLI,SDN,0,0,0
MLI,SEN,1,1,1
MLI,SLE,0,0,0
MLI,SOM,0,0,0
MLI,SWZ,0,0,0
MLI,TCD,1,1,0
MLI,TGO,1,1,0
MLI,TUN,1,1,0
MLI,TZA,0,0,0
MLI,UGA,0,0,0
MLI,ZAF,0,0,0
MLI,ZMB,0,0,0
MLI,ZWE,0,0,0
MOZ,AGO,1,1,0
MOZ,BDI,0,0,0
MOZ,BEN,0,0,0
MOZ,BFA,0,0,0
MOZ,BWA,0,0,0
MOZ,CAF,0,0,0
MOZ,CIV,0,0,0
MOZ,CMR,0,0,0
MOZ,COD,0,0,0
MOZ,COG,0,0,0
MOZ,DZA,0,0,0
MOZ,EGY,0,0,0
MOZ,ERI,0,0,0
MOZ,ETH,0,0,0
MOZ,GAB,0,0,0
MOZ,GHA,0,0,0
MOZ,GIN,0,0,0
MOZ,GMB,0,0,0
MOZ,GNB,1,1,0
MOZ,KEN,0,0,0
MOZ,LBR,0,0,0
MOZ,LBY,0,0,0
MOZ,LSO,0,0,0
MOZ,MAR,0,0,0
MOZ,MDG,0,0,0
MOZ,MLI,0,0,0
MOZ,MRT,0,0,0
MOZ,MWI,0,0,1
MOZ,NAM,0,0,0
MOZ,NER,0,0,0
MOZ,NGA,0,0,0
MOZ,RWA,0,0,0
MOZ,SDN,0,0,0
MOZ,SEN,0,0,0
MOZ,SLE,0,0,0
MOZ,SOM,0,0,0
MOZ,SWZ,0,0,1
MOZ,TCD,0,0,0
MOZ,TGO,0,0,0
MOZ,TUN,0,0,0
MOZ,TZA,0,0,1
MOZ,UGA,0,0,0
MOZ,ZAF,0,0,1
MOZ,ZMB,0,0,1
MOZ,ZWE,0,0,1
MRT,AGO,0,0,0
MRT,BDI,0,0,0
MRT,BEN,0,1,0
MRT,BFA,0,1,0
MRT,BWA,0,0,0
MRT,CAF,0,1,0
MRT,CIV,0,1,0
MRT,CMR,0,1,0
MRT,COD,0,0,0
MRT,COG,0,1,0
MRT,DZA,1,1,1
MRT,EGY,1,0,0
MRT,ERI,0,0,0
MRT,ETH,0,0,0
MRT,GAB,0,1,0
MRT,GHA,0,0,0
MRT,GIN,0,1,0
MRT,GMB,0,0,0
MRT,GNB,0,0,0
MRT,KEN,0,0,0
MRT,LBR,0,0,0
MRT,LBY,1,0,0
MRT,LSO,0,0,0
MRT,MAR,1,1,1
MRT,MDG,0,1,0
MRT,MLI,0,1,1
MRT,MOZ,0,0,0
MRT,MWI,0,0,0
MRT,NAM,0,0,0
MRT,NER,1,1,0
MRT,NGA,0,0,0
MRT,RWA,0,0,0
MRT,SDN,1,0,0
MRT,SEN,0,1,1
MRT,SLE,0,0,0
MRT,SOM,1,0,0
MRT,SWZ,0,0,0
MRT,TCD,1,1,0
MRT,TGO,0,1,0
MRT,TUN,1,1,0
MRT,TZA,0,0,0
MRT,UGA,0,0,0
MRT,ZAF,0,0,0
MRT,ZMB,0,0,0
MRT,ZWE,0,0,0
MWI,AGO,0,0,0
MWI,BDI,0,0,0
MWI,BEN,0,0,0
MWI,BFA,0,0,0
MWI,BWA,1,1,0
MWI,CAF,0,0,0
MWI,CIV,0,0,0
MWI,CMR,1,0,0
MWI,COD,0,0,0
MWI,COG,0,0,0
MWI,DZA,0,0,0
MWI,EGY,0,0,0
MWI,ERI,1,1,0
MWI,ETH,1,0,0
MWI,GAB,0,0,0
MWI,GHA,1,1,0
MWI,GIN,0,0,0
MWI,GMB,1,1,0
MWI,GNB,0,0,0
MWI,KEN,1,1,0
MWI,LBR,1,0,0
MWI,LBY,0,0,0
MWI,LSO,1,1,0
MWI,MAR,0,0,0
MWI,MDG,0,0,0
MWI,MLI,0,0,0
MWI,MOZ,0,0,1
MWI,MRT,0,0,0
MWI,NAM,1,0,0
MWI,NER,0,0,0
MWI,NGA,1,1,0
MWI,RWA,1,0,0
MWI,SDN,0,1,0
MWI,SEN,0,0,0
MWI,SLE,1,1,0
MWI,SOM,1,1,0
MWI,SWZ,1,1,0
MWI,TCD,0,0,0
MWI,TGO,0,0,0
MWI,TUN,0,0,0
MWI,TZA,1,1,1
MWI,UGA,1,1,0
MWI,ZAF,1,0,0
MWI,ZMB,1,1,1
MWI,ZWE,1,1,0
NAM,AGO,0,0,1
NAM,BDI,0,0,0
NAM,BEN,0,0,0
NAM,BFA,0,0,0
NAM,BWA,1,0,1
NAM,CAF,0,0,0
NAM,CIV,0,0,0
NAM,CMR,1,0,0
NAM,COD,0,0,0
NAM,COG,0,0,0
NAM,DZA,0,0,0
NAM,EGY,0,0,0
NAM,ERI,1,0,0
NAM,ETH,1,0,0
NAM,GAB,0,0,0
NAM,GHA,1,0,0
NAM,GIN,0,0,0
NAM,GMB,1,0,0
NAM,GNB,0,0,0
NAM,KEN,1,0,0
NAM,LBR,1,0,0
NAM,LBY,0,0,0
NAM,LSO,1,0,0
NAM,MAR,0,0,0
NAM,MDG,0,0,0
NAM,MLI,0,0,0
NAM,MOZ,0,0,0
NAM,MRT,0,0,0
NAM,MWI,1,0,0
NAM,NER,0,0,0
NAM,NGA,1,0,0
NAM,RWA,1,0,0
NAM,SDN,0,0,0
NAM,SEN,0,0,0
NAM,SLE,1,0,0
NAM,SOM,1,0,0
NAM,SWZ,1,0,0
NAM,TCD,0,0,0
NAM,TGO,0,0,0
NAM,TUN,0,0,0
NAM,TZA,1,0,0
NAM,UGA,1,0,0
NAM,ZAF,1,0,1
NAM,ZMB,1,0,1
NAM,ZWE,1,0,1
NER,AGO,0,0,0
NER,BDI,1,0,0
NER,BEN,1,1,1
NER,BFA,1,1,1
NER,BWA,0,0,0
NER,CAF,1,1,0
NER,CIV,1,1,0
NER,CMR,1,1,0
NER,COD,1,0,0
NER,COG,1,1,0
NER,DZA,1,1,1
NER,EGY,1,0,0
NER,ERI,0,0,0
NER,ETH,0,0,0
NER,GAB,1,1,0
NER,GHA,0,0,0
NER,GIN,1,1,0
NER,GMB,0,0,0
NER,GNB,0,0,0
NER,KEN,0,0,0
NER,LBR,0,0,0
NER,LBY,1,0,1
NER,LSO,0,0,0
NER,MAR,1,1,0
NER,MDG,1,1,0
NER,MLI,1,1,1
NER,MOZ,0,0,0
NER,MRT,1,1,0
NER,MWI,0,0,0
NER,NAM,0,0,0
NER,NGA,0,0,1
NER,RWA,1,0,0
NER,SDN,1,0,0
NER,SEN,1,1,0
NER,SLE,0,0,0
NER,SOM,1,0,0
NER,SWZ,0,0,0
NER,TCD,1,1,1
NER,TGO,1,1,0
NER,TUN,1,1,0
NER,TZA,0,0,0
NER,UGA,0,0,0
NER,ZAF,0,0,0
NER,ZMB,0,0,0
NER,ZWE,0,0,0
NGA,AGO,0,0,0
NGA,BDI,0,0,0
NGA,BEN,0,0,1
NGA,BFA,0,0,0
NGA,BWA,1,1,0
NGA,CAF,0,0,0
NGA,CIV,0,0,0
NGA,CMR,1,0,1
NGA,COD,0,0,0
NGA,COG,0,0,0
NGA,DZA,0,0,0
NGA,EGY,0,0,0
NGA,ERI,1,1,0
NGA,ETH,1,0,0
NGA,GAB,0,0,0
NGA,GHA,1,1,0
NGA,GIN,0,0,0
NGA,GMB,1,1,0
NGA,GNB,0,0,0
NGA,KEN,1,1,0
NGA,LBR,1,0,0
NGA,LBY,0,0,0
NGA,LSO,1,1,0
NGA,MAR,0,0,0
NGA,MDG,0,0,0
NGA,MLI,0,0,0
NGA,MOZ,0,0,0
NGA,MRT,0,0,0
NGA,MWI,1,1,0
NGA,NAM,1,0,0
NGA,NER,0,0,1
NGA,RWA,1,0,0
NGA,SDN,0,1,0
NGA,SEN,0,0,0
NGA,SLE,1,1,0
NGA,SOM,1,1,0
NGA,SWZ,1,1,0
NGA,TCD,0,0,1
NGA,TGO,0,0,0
NGA,TUN,0,0,0
NGA,TZA,1,1,0
NGA,UGA,1,1,0
NGA,ZAF,1,0,0
NGA,ZMB,1,1,0
NGA,ZWE,1,1,0
RWA,AGO,0,0,0
RWA,BDI,1,1,1
RWA,BEN,1,0,0
RWA,BFA,1,0,0
RWA,BWA,1,0,0
RWA,CAF,1,0,0
RWA,CIV,1,0,0
RWA,CMR,1,0,0
RWA,COD,1,1,1
RWA,COG,1,0,0
RWA,DZA,1,0,0
RWA,EGY,0,0,0
RWA,ERI,1,0,0
RWA,ETH,1,0,0
RWA,GAB,1,0,0
RWA,GHA,1,0,0
RWA,GIN,1,0,0
RWA,GMB,1,0,0
RWA,GNB,0,0,0
RWA,KEN,1,0,0
RWA,LBR,1,0,0
RWA,LBY,0,0,0
RWA,LSO,1,0,0
RWA,MAR,1,0,0
RWA,MDG,1,0,0
RWA,MLI,1,0,0
RWA,MOZ,0,0,0
RWA,MRT,0,0,0
RWA,MWI,1,0,0
RWA,NAM,1,0,0
RWA,NER,1,0,0
RWA,NGA,1,0,0
RWA,SDN,0,0,0
RWA,SEN,1,0,0
RWA,SLE,1,0,0
RWA,SOM,1,0,0
RWA,SWZ,1,0,0
RWA,TCD,1,0,0
RWA,TGO,1,0,0
RWA,TUN,1,0,0
RWA,TZA,1,0,1
RWA,UGA,1,0,1
RWA,ZAF,1,0,0
RWA,ZMB,1,0,0
RWA,ZWE,1,0,0
SDN,AGO,0,0,0
SDN,BDI,0,0,0
SDN,BEN,0,0,0
SDN,BFA,0,0,0
SDN,BWA,0,1,0
SDN,CAF,0,0,1
SDN,CIV,0,0,0
SDN,CMR,0,0,0
SDN,COD,0,0,1
SDN,COG,0,0,0
SDN,DZA,1,0,0
SDN,EGY,1,0,1
SDN,ERI,0,1,1
SDN,ETH,0,0,1
SDN,GAB,0,0,0
SDN,GHA,0,1,0
SDN,GIN,0,0,0
SDN,GMB,0,1,0
SDN,GNB,0,0,0
SDN,KEN,0,1,1
SDN,LBR,0,0,0
SDN,LBY,1,0,1
SDN,LSO,0,1,0
SDN,MAR,1,0,0
SDN,MDG,0,0,0
SDN,MLI,0,0,0
SDN,MOZ,0,0,0
SDN,MRT,1,0,0
SDN,MWI,0,1,0
SDN,NAM,0,0,0
SDN,NER,1,0,0
SDN,NGA,0,1,0
SDN,RWA,0,0,0
SDN,SEN,0,0,0
SDN,SLE,0,1,0
SDN,SOM,1,1,0
SDN,SWZ,0,1,0
SDN,TCD,1,0,1
SDN,TGO,0,0,0
SDN,TUN,1,0,0
SDN,TZA,0,1,0
SDN,UGA,0,1,1
SDN,ZAF,0,0,0
SDN,ZMB,0,1,0
SDN,ZWE,0,1,0
SEN,AGO,0,0,0
SEN,BDI,1,0,0
SEN,BEN,1,1,0
SEN,BFA,1,1,0
SEN,BWA,0,0,0
SEN,CAF,1,1,0
SEN,CIV,1,1,0
SEN,CMR,1,1,0
SEN,COD,1,0,0
SEN,COG,1,1,0
SEN,DZA,1,1,0
SEN,EGY,0,0,0
SEN,ERI,0,0,0
SEN,ETH,0,0,0
SEN,GAB,1,1,0
SEN,GHA,0,0,0
SEN,GIN,1,1,1
SEN,GMB,0,0,1
SEN,GNB,0,0,1
SEN,KEN,0,0,0
SEN,LBR,0,0,0
SEN,LBY,0,0,0
SEN,LSO,0,0,0
SEN,MAR,1,1,0
SEN,MDG,1,1,0
SEN,MLI,1,1,1
SEN,MOZ,0,0,0
SEN,MRT,0,1,1
SEN,MWI,0,0,0
SEN,NAM,0,0,0
SEN,NER,1,1,0
SEN,NGA,0,0,0
SEN,RWA,1,0,0
SEN,SDN,0,0,0
SEN,SLE,0,0,0
SEN,SOM,0,0,0
SEN,SWZ,0,0,0
SEN,TCD,1,1,0
SEN,TGO,1,1,0
SEN,TUN,1,1,0
SEN,TZA,0,0,0
SEN,UGA,0,0,0
SEN,ZAF,0,0,0
SEN,ZMB,0,0,0
SEN,ZWE,0,0,0
SLE,AGO,0,0,0
SLE,BDI,0,0,0
SLE,BEN,0,0,0
SLE,BFA,0,0,0
SLE,BWA,1,1,0
SLE,CAF,0,0,0
SLE,CIV,0,0,0
SLE,CMR,1,0,0
SLE,COD,0,0,0
SLE,COG,0,0,0
SLE,DZA,0,0,0
SLE,EGY,0,0,0
SLE,ERI,1,1,0
SLE,ETH,1,0,0
SLE,GAB,0,0,0
SLE,GHA,1,1,0
SLE,GIN,0,0,1
SLE,GMB,1,1,0
SLE,GNB,0,0,0
SLE,KEN,1,1,0
SLE,LBR,1,0,1
SLE,LBY,0,0,0
SLE,LSO,1,1,0
SLE,MAR,0,0,0
SLE,MDG,0,0,0
SLE,MLI,0,0,0
SLE,MOZ,0,0,0
SLE,MRT,0,0,0
SLE,MWI,1,1,0
SLE,NAM,1,0,0
SLE,NER,0,0,0
SLE,NGA,1,1,0
SLE,RWA,1,0,0
SLE,SDN,0,1,0
SLE,SEN,0,0,0
SLE,SOM,1,1,0
SLE,SWZ,1,1,0
SLE,TCD,0,0,0
SLE,TGO,0,0,0
SLE,TUN,0,0,0
SLE,TZA,1,1,0
SLE,UGA,1,1,0
SLE,ZAF,1,0,0
SLE,ZMB,1,1,0
SLE,ZWE,1,1,0
SOM,AGO,0,0,0
SOM,BDI,0,0,0
SOM,BEN,0,0,0
SOM,BFA,0,0,0
SOM,BWA,1,1,0
SOM,CAF,0,0,0
SOM,CIV,0,0,0
SOM,CMR,1,0,0
SOM,COD,0,0,0
SOM,COG,0,0,0
SOM,DZA,1,0,0
SOM,EGY,1,0,0
SOM,ERI,1,1,0
SOM,ETH,1,0,1
SOM,GAB,0,0,0
SOM,GHA,1,1,0
SOM,GIN,0,0,0
SOM,GMB,1,1,0
SOM,GNB,0,0,0
SOM,KEN,1,1,1
SOM,LBR,1,0,0
SOM,LBY,1,0,0
SOM,LSO,1,1,0
SOM,MAR,1,0,0
SOM,MDG,0,0,0
SOM,MLI,0,0,0
SOM,MOZ,0,0,0
SOM,MRT,1,0,0
SOM,MWI,1,1,0
SOM,NAM,1,0,0
SOM,NER,1,0,0
SOM,NGA,1,1,0
SOM,RWA,1,0,0
SOM,SDN,1,1,0
SOM,SEN,0,0,0
SOM,SLE,1,1,0
SOM,SWZ,1,1,0
SOM,TCD,1,0,0
SOM,TGO,0,0,0
SOM,TUN,1,0,0
SOM,TZA,1,1,0
SOM,UGA,1,1,0
SOM,ZAF,1,0,0
SOM,ZMB,1,1,0
SOM,ZWE,1,1,0
SWZ,AGO,0,0,0
SWZ,BDI,0,0,0
SWZ,BEN,0,0,0
SWZ,BFA,0,0,0
SWZ,BWA,1,1,0
SWZ,CAF,0,0,0
SWZ,CIV,0,0,0
SWZ,CMR,1,0,0
SWZ,COD,0,0,0
SWZ,COG,0,0,0
SWZ,DZA,0,0,0
SWZ,EGY,0,0,0
SWZ,ERI,1,1,0
SWZ,ETH,1,0,0
SWZ,GAB,0,0,0
SWZ,GHA,1,1,0
SWZ,GIN,0,0,0
SWZ,GMB,1,1,0
SWZ,GNB,0,0,0
SWZ,KEN,1,1,0
SWZ,LBR,1,0,0
SWZ,LBY,0,0,0
SWZ,LSO,1,1,0
SWZ,MAR,0,0,0
SWZ,MDG,0,0,0
SWZ,MLI,0,0,0
SWZ,MOZ,0,0,1
SWZ,MRT,0,0,0
SWZ,MWI,1,1,0
SWZ,NAM,1,0,0
SWZ,NER,0,0,0
SWZ,NGA,1,1,0
SWZ,RWA,1,0,0
SWZ,SDN,0,1,0
SWZ,SEN,0,0,0
SWZ,SLE,1,1,0
SWZ,SOM,1,1,0
SWZ,TCD,0,0,0
SWZ,TGO,0,0,0
SWZ,TUN,0,0,0
SWZ,TZA,1,1,0
SWZ,UGA,1,1,0
SWZ,ZAF,1,0,1
SWZ,ZMB,1,1,0
SWZ,ZWE,1,1,0
TCD,AGO,0,0,0
TCD,BDI,1,0,0
TCD,BEN,1,1,0
TCD,BFA,1,1,0
TCD,BWA,0,0,0
TCD,CAF,1,1,1
TCD,CIV,1,1,0
TCD,CMR,1,1,1
TCD,COD,1,0,0
TCD,COG,1,1,0
TCD,DZA,1,1,0
TCD,EGY,1,0,0
TCD,ERI,0,0,0
TCD,ETH,0,0,0
TCD,GAB,1,1,0
TCD,GHA,0,0,0
TCD,GIN,1,1,0
TCD,GMB,0,0,0
TCD,GNB,0,0,0
TCD,KEN,0,0,0
TCD,LBR,0,0,0
TCD,LBY,1,0,1
TCD,LSO,0,0,0
TCD,MAR,1,1,0
TCD,MDG,1,1,0
TCD,MLI,1,1,0
TCD,MOZ,0,0,0
TCD,MRT,1,1,0
TCD,MWI,0,0,0
TCD,NAM,0,0,0
TCD,NER,1,1,1
TCD,NGA,0,0,1
TCD,RWA,1,0,0
TCD,SDN,1,0,1
TCD,SEN,1,1,0
TCD,SLE,0,0,0
TCD,SOM,1,0,0
TCD,SWZ,0,0,0
TCD,TGO,1,1,0
TCD,TUN,1,1,0
TCD,TZA,0,0,0
TCD,UGA,0,0,0
TCD,ZAF,0,0,0
TCD,ZMB,0,0,0
TCD,ZWE,0,0,0
TGO,AGO,0,0,0
TGO,BDI,1,0,0
TGO,BEN,1,1,1
TGO,BFA,1,1,1
TGO,BWA,0,0,0
TGO,CAF,1,1,0
TGO,CIV,1,1,0
TGO,CMR,1,1,0
TGO,COD,1,0,0
TGO,COG,1,1,0
TGO,DZA,1,1,0
TGO,EGY,0,0,0
TGO,ERI,0,0,0
TGO,ETH,0,0,0
TGO,GAB,1,1,0
TGO,GHA,0,0,1
TGO,GIN,1,1,0
TGO,GMB,0,0,0
TGO,GNB,0,0,0
TGO,KEN,0,0,0
TGO,LBR,0,0,0
TGO,LBY,0,0,0
TGO,LSO,0,0,0
TGO,MAR,1,1,0
TGO,MDG,1,1,0
TGO,MLI,1,1,0
TGO,MOZ,0,0,0
TGO,MRT,0,1,0
TGO,MWI,0,0,0
TGO,NAM,0,0,0
TGO,NER,1,1,0
TGO,NGA,0,0,0
TGO,RWA,1,0,0
TGO,SDN,0,0,0
TGO,SEN,1,1,0
TGO,SLE,0,0,0
TGO,SOM,0,0,0
TGO,SWZ,0,0,0
TGO,TCD,1,1,0
TGO,TUN,1,1,0
TGO,TZA,0,0,0
TGO,UGA,0,0,0
TGO,ZAF,0,0,0
TGO,ZMB,0,0,0
TGO,ZWE,0,0,0
TUN,AGO,0,0,0
TUN,BDI,1,0,0
TUN,BEN,1,1,0
TUN,BFA,1,1,0
TUN,BWA,0,0,0
TUN,CAF,1,1,0
TUN,CIV,1,1,0
TUN,CMR,1,1,0
TUN,COD,1,0,0
TUN,COG,1,1,0
TUN,DZA,1,1,1
TUN,EGY,1,0,0
TUN,ERI,0,0,0
TUN,ETH,0,0,0
TUN,GAB,1,1,0
TUN,GHA,0,0,0
TUN,GIN,1,1,0
TUN,GMB,0,0,0
TUN,GNB,0,0,0
TUN,KEN,0,0,0
TUN,LBR,0,0,0
TUN,LBY,1,0,1
TUN,LSO,0,0,0
TUN,MAR,1,1,0
TUN,MDG,1,1,0
TUN,MLI,1,1,0
TUN,MOZ,0,0,0
TUN,MRT,1,1,0
TUN,MWI,0,0,0
TUN,NAM,0,0,0
TUN,NER,1,1,0
TUN,NGA,0,0,0
TUN,RWA,1,0,0
TUN,SDN,1,0,0
TUN,SEN,1,1,0
TUN,SLE,0,0,0
TUN,SOM,1,0,0
TUN,SWZ,0,0,0
TUN,TCD,1,1,0
TUN,TGO,1,1,0
TUN,TZA,0,0,0
TUN,UGA,0,0,0
TUN,ZAF,0,0,0
TUN,ZMB,0,0,0
TUN,ZWE,0,0,0
TZA,AGO,0,0,0
TZA,BDI,0,0,1
TZA,BEN,0,0,0
TZA,BFA,0,0,0
TZA,BWA,1,1,0
TZA,CAF,0,0,0
TZA,CIV,0,0,0
TZA,CMR,1,0,0
TZA,COD,0,0,1
TZA,COG,0,0,0
TZA,DZA,0,0,0
TZA,EGY,0,0,0
TZA,ERI,1,1,0
TZA,ETH,1,0,0
TZA,GAB,0,0,0
TZA,GHA,1,1,0
TZA,GIN,0,0,0
TZA,GMB,1,1,0
TZA,GNB,0,0,0
TZA,KEN,1,1,1
TZA,LBR,1,0,0
TZA,LBY,0,0,0
TZA,LSO,1,1,0
TZA,MAR,0,0,0
TZA,MDG,0,0,0
TZA,MLI,0,0,0
TZA,MOZ,0,0,1
TZA,MRT,0,0,0
TZA,MWI,1,1,1
TZA,NAM,1,0,0
TZA,NER,0,0,0
TZA,NGA,1,1,0
TZA,RWA,1,0,1
TZA,SDN,0,1,0
TZA,SEN,0,0,0
TZA,SLE,1,1,0
TZA,SOM,1,1,0
TZA,SWZ,1,1,0
TZA,TCD,0,0,0
TZA,TGO,0,0,0
TZA,TUN,0,0,0
TZA,UGA,1,1,1
TZA,ZAF,1,0,0
TZA,ZMB,1,1,1
TZA,ZWE,1,1,0
UGA,AGO,0,0,0
UGA,BDI,0,0,0
UGA,BEN,0,0,0
UGA,BFA,0,0,0
UGA,BWA,1,1,0
UGA,CAF,0,0,0
UGA,CIV,0,0,0
UGA,CMR,1,0,0
UGA,COD,0,0,1
UGA,COG,0,0,0
UGA,DZA,0,0,0
UGA,EGY,0,0,0
UGA,ERI,1,1,0
UGA,ETH,1,0,0
UGA,GAB,0,0,0
UGA,GHA,1,1,0
UGA,GIN,0,0,0
UGA,GMB,1,1,0
UGA,GNB,0,0,0
UGA,KEN,1,1,1
UGA,LBR,1,0,0
UGA,LBY,0,0,0
UGA,LSO,1,1,0
UGA,MAR,0,0,0
UGA,MDG,0,0,0
UGA,MLI,0,0,0
UGA,MOZ,0,0,0
UGA,MRT,0,0,0
UGA,MWI,1,1,0
UGA,NAM,1,0,0
UGA,NER,0,0,0
UGA,NGA,1,1,0
UGA,RWA,1,0,1
UGA,SDN,0,1,1
UGA,SEN,0,0,0
UGA,SLE,1,1,0
UGA,SOM,1,1,0
UGA,SWZ,1,1,0
UGA,TCD,0,0,0
UGA,TGO,0,0,0
UGA,TUN,0,0,0
UGA,TZA,1,1,1
UGA,ZAF,1,0,0
UGA,ZMB,1,1,0
UGA,ZWE,1,1,0
ZAF,AGO,0,0,0
ZAF,BDI,0,0,0
ZAF,BEN,0,0,0
ZAF,BFA,0,0,0
ZAF,BWA,1,0,1
ZAF,CAF,0,0,0
ZAF,CIV,0,0,0
ZAF,CMR,1,0,0
ZAF,COD,0,0,0
ZAF,COG,0,0,0
ZAF,DZA,0,0,0
ZAF,EGY,0,0,0
ZAF,ERI,1,0,0
ZAF,ETH,1,0,0
ZAF,GAB,0,0,0
ZAF,GHA,1,0,0
ZAF,GIN,0,0,0
ZAF,GMB,1,0,0
ZAF,GNB,0,0,0
ZAF,KEN,1,0,0
ZAF,LBR,1,0,0
ZAF,LBY,0,0,0
ZAF,LSO,1,0,1
ZAF,MAR,0,0,0
ZAF,MDG,0,0,0
ZAF,MLI,0,0,0
ZAF,MOZ,0,0,1
ZAF,MRT,0,0,0
ZAF,MWI,1,0,0
ZAF,NAM,1,0,1
ZAF,NER,0,0,0
ZAF,NGA,1,0,0
ZAF,RWA,1,0,0
ZAF,SDN,0,0,0
ZAF,SEN,0,0,0
ZAF,SLE,1,0,0
ZAF,SOM,1,0,0
ZAF,SWZ,1,0,1
ZAF,TCD,0,0,0
ZAF,TGO,0,0,0
ZAF,TUN,0,0,0
ZAF,TZA,1,0,0
ZAF,UGA,1,0,0
ZAF,ZMB,1,0,0
ZAF,ZWE,1,0,1
ZMB,AGO,0,0,1
ZMB,BDI,0,0,0
ZMB,BEN,0,0,0
ZMB,BFA,0,0,0
ZMB,BWA,1,1,1
ZMB,CAF,0,0,0
ZMB,CIV,0,0,0
ZMB,CMR,1,0,0
ZMB,COD,0,0,1
ZMB,COG,0,0,0
ZMB,DZA,0,0,0
ZMB,EGY,0,0,0
ZMB,ERI,1,1,0
ZMB,ETH,1,0,0
ZMB,GAB,0,0,0
ZMB,GHA,1,1,0
ZMB,GIN,0,0,0
ZMB,GMB,1,1,0
ZMB,GNB,0,0,0
ZMB,KEN,1,1,0
ZMB,LBR,1,0,0
ZMB,LBY,0,0,0
ZMB,LSO,1,1,0
ZMB,MAR,0,0,0
ZMB,MDG,0,0,0
ZMB,MLI,0,0,0
ZMB,MOZ,0,0,1
ZMB,MRT,0,0,0
ZMB,MWI,1,1,1
ZMB,NAM,1,0,1
ZMB,NER,0,0,0
ZMB,NGA,1,1,0
ZMB,RWA,1,0,0
ZMB,SDN,0,1,0
ZMB,SEN,0,0,0
ZMB,SLE,1,1,0
ZMB,SOM,1,1,0
ZMB,SWZ,1,1,0
ZMB,TCD,0,0,0
ZMB,TGO,0,0,0
ZMB,TUN,0,0,0
ZMB,TZA,1,1,1
ZMB,UGA,1,1,0
ZMB,ZAF,1,0,0
ZMB,ZWE,1,1,1
ZWE,AGO,0,0,0
ZWE,BDI,0,0,0
ZWE,BEN,0,0,0
ZWE,BFA,0,0,0
ZWE,BWA,1,1,1
ZWE,CAF,0,0,0
ZWE,CIV,0,0,0
ZWE,CMR,1,0,0
ZWE,COD,0,0,0
ZWE,COG,0,0,0
ZWE,DZA,0,0,0
ZWE,EGY,0,0,0
ZWE,ERI,1,1,0
ZWE,ETH,1,0,0
ZWE,GAB,0,0,0
ZWE,GHA,1,1,0
ZWE,GIN,0,0,0
ZWE,GMB,1,1,0
ZWE,GNB,0,0,0
ZWE,KEN,1,1,0
ZWE,LBR,1,0,0
ZWE,LBY,0,0,0
ZWE,LSO,1,1,0
ZWE,MAR,0,0,0
ZWE,MDG,0,0,0
ZWE,MLI,0,0,0
ZWE,MOZ,0,0,1
ZWE,MRT,0,0,0
ZWE,MWI,1,1,0
ZWE,NAM,1,0,1
ZWE,NER,0,0,0
ZWE,NGA,1,1,0
ZWE,RWA,1,0,0
ZWE,SDN,0,1,0
ZWE,SEN,0,0,0
ZWE,SLE,1,1,0
ZWE,SOM,1,1,0
ZWE,SWZ,1,1,0
ZWE,TCD,0,0,0
ZWE,TGO,0,0,0
ZWE,TUN,0,0,0
ZWE,TZA,1,1,0
ZWE,UGA,1,1,0
ZWE,ZAF,1,0,1
ZWE,ZMB,1,1,1
